country_code,category,month,total_pcs
AE,CAT_010,2024-04-01,9.0
AE,CAT_010,2024-05-01,7.0
AE,CAT_010,2024-06-01,2.0
AE,CAT_010,2024-07-01,5.0
AE,CAT_010,2024-08-01,1.0
AE,CAT_010,2024-09-01,4.0
AE,CAT_010,2024-10-01,5.0
AE,CAT_010,2024-11-01,4.0
AE,CAT_010,2024-12-01,10.0
AE,CAT_010,2025-01-01,9.0
AE,CAT_010,2025-02-01,11.0
AE,CAT_010,2025-03-01,9.0
AE,CAT_010,2025-04-01,5.0
AE,CAT_010,2025-05-01,3.0
AE,CAT_010,2025-06-01,9.0
AE,CAT_010,2025-07-01,5.0
AE,CAT_010,2025-08-01,4.0
AE,CAT_010,2025-09-01,6.0
AE,CAT_010,2025-10-01,2.0
AE,CAT_010,2025-11-01,0.0
AE,CAT_010,2025-12-01,2.0
BG,CAT_001,2024-05-01,18.0
BG,CAT_001,2024-06-01,24.0
BG,CAT_001,2024-07-01,15.0
BG,CAT_001,2024-08-01,15.0
BG,CAT_001,2024-09-01,4.0
BG,CAT_001,2024-10-01,2.0
BG,CAT_001,2024-11-01,4.0
BG,CAT_001,2024-12-01,0.0
BG,CAT_001,2025-01-01,2.0
BG,CAT_001,2025-02-01,0.0
BG,CAT_001,2025-03-01,3.0
BG,CAT_001,2025-04-01,10.0
BG,CAT_001,2025-05-01,3.0
BG,CAT_001,2025-06-01,6.0
BG,CAT_001,2025-07-01,9.0
BG,CAT_001,2025-08-01,12.0
BG,CAT_001,2025-09-01,8.0
BG,CAT_001,2025-10-01,9.0
BG,CAT_001,2025-11-01,8.0
BG,CAT_001,2025-12-01,6.0
BG,CAT_002,2024-04-01,21.0
BG,CAT_002,2024-05-01,22.0
BG,CAT_002,2024-06-01,18.0
BG,CAT_002,2024-07-01,4.0
BG,CAT_002,2024-08-01,9.0
BG,CAT_002,2024-09-01,6.0
BG,CAT_002,2024-10-01,10.0
BG,CAT_002,2024-11-01,2.0
BG,CAT_002,2024-12-01,3.0
BG,CAT_002,2025-01-01,1.0
BG,CAT_002,2025-02-01,3.0
BG,CAT_002,2025-03-01,6.0
BG,CAT_002,2025-04-01,10.0
BG,CAT_002,2025-05-01,8.0
BG,CAT_002,2025-06-01,6.0
BG,CAT_002,2025-07-01,5.0
BG,CAT_002,2025-08-01,3.0
BG,CAT_002,2025-09-01,6.0
BG,CAT_002,2025-10-01,2.0
BG,CAT_002,2025-11-01,0.0
BG,CAT_002,2025-12-01,1.0
BG,CAT_007,2024-04-01,17.0
BG,CAT_007,2024-05-01,16.0
BG,CAT_007,2024-06-01,7.0
BG,CAT_007,2024-07-01,4.0
BG,CAT_007,2024-08-01,4.0
BG,CAT_007,2024-09-01,11.0
BG,CAT_007,2024-10-01,16.0
BG,CAT_007,2024-11-01,6.0
BG,CAT_007,2024-12-01,3.0
BG,CAT_007,2025-01-01,4.0
BG,CAT_007,2025-02-01,3.0
BG,CAT_007,2025-03-01,17.0
BG,CAT_007,2025-04-01,19.0
BG,CAT_007,2025-05-01,20.0
BG,CAT_007,2025-06-01,4.0
BG,CAT_007,2025-07-01,13.0
BG,CAT_007,2025-08-01,9.0
BG,CAT_007,2025-09-01,4.0
BG,CAT_007,2025-10-01,3.0
BG,CAT_007,2025-11-01,4.0
BG,CAT_007,2025-12-01,2.0
BG,CAT_009,2024-04-01,14.0
BG,CAT_009,2024-05-01,11.0
BG,CAT_009,2024-06-01,7.0
BG,CAT_009,2024-07-01,5.0
BG,CAT_009,2024-08-01,15.0
BG,CAT_009,2024-09-01,17.0
BG,CAT_009,2024-10-01,11.0
BG,CAT_009,2024-11-01,8.0
BG,CAT_009,2024-12-01,6.0
BG,CAT_009,2025-01-01,9.0
BG,CAT_009,2025-02-01,11.0
BG,CAT_009,2025-03-01,18.0
BG,CAT_009,2025-04-01,14.0
BG,CAT_009,2025-05-01,10.0
BG,CAT_009,2025-06-01,0.0
BG,CAT_009,2025-07-01,3.0
BG,CAT_009,2025-08-01,6.0
BG,CAT_009,2025-09-01,13.0
BG,CAT_009,2025-10-01,6.0
BG,CAT_009,2025-11-01,6.0
BG,CAT_009,2025-12-01,1.0
BG,CAT_012,2024-05-01,30.0
BG,CAT_012,2024-06-01,38.0
BG,CAT_012,2024-07-01,19.0
BG,CAT_012,2024-08-01,6.0
BG,CAT_012,2024-09-01,3.0
BG,CAT_012,2024-10-01,3.0
BG,CAT_012,2024-11-01,3.0
BG,CAT_012,2024-12-01,1.0
BG,CAT_012,2025-01-01,0.0
BG,CAT_012,2025-02-01,1.0
BG,CAT_012,2025-03-01,3.0
BG,CAT_012,2025-04-01,10.0
BG,CAT_012,2025-05-01,10.0
BG,CAT_012,2025-06-01,13.0
BG,CAT_012,2025-07-01,11.0
BG,CAT_012,2025-08-01,5.0
BG,CAT_012,2025-09-01,2.0
BG,CAT_012,2025-10-01,1.0
BG,CAT_012,2025-11-01,0.0
BG,CAT_012,2025-12-01,1.0
BG,CAT_013,2024-04-01,11.0
BG,CAT_013,2024-05-01,4.0
BG,CAT_013,2024-06-01,6.0
BG,CAT_013,2024-07-01,11.0
BG,CAT_013,2024-08-01,3.0
BG,CAT_013,2024-09-01,2.0
BG,CAT_013,2024-10-01,2.0
BG,CAT_013,2024-11-01,6.0
BG,CAT_013,2024-12-01,1.0
BG,CAT_013,2025-01-01,1.0
BG,CAT_013,2025-02-01,8.0
BG,CAT_013,2025-03-01,11.0
BG,CAT_013,2025-04-01,15.0
BG,CAT_013,2025-05-01,15.0
BG,CAT_013,2025-06-01,5.0
BG,CAT_013,2025-07-01,3.0
BG,CAT_013,2025-08-01,4.0
BG,CAT_013,2025-09-01,11.0
BG,CAT_013,2025-10-01,4.0
BG,CAT_013,2025-11-01,0.0
BG,CAT_013,2025-12-01,6.0
BH,CAT_001,2024-04-01,1.0
BH,CAT_001,2024-05-01,3.0
BH,CAT_001,2024-06-01,9.0
BH,CAT_001,2024-07-01,10.0
BH,CAT_001,2024-08-01,4.0
BH,CAT_001,2024-09-01,7.0
BH,CAT_001,2024-10-01,10.0
BH,CAT_001,2024-11-01,7.0
BH,CAT_001,2024-12-01,0.0
BH,CAT_001,2025-01-01,6.0
BH,CAT_001,2025-02-01,0.0
BH,CAT_001,2025-03-01,5.0
BH,CAT_001,2025-04-01,7.0
BH,CAT_001,2025-05-01,4.0
BH,CAT_001,2025-06-01,5.0
BH,CAT_001,2025-07-01,6.0
BH,CAT_001,2025-08-01,7.0
BH,CAT_001,2025-09-01,10.0
BH,CAT_001,2025-10-01,15.0
BH,CAT_001,2025-11-01,18.0
BH,CAT_001,2025-12-01,4.0
BH,CAT_002,2024-04-01,7.0
BH,CAT_002,2024-05-01,13.0
BH,CAT_002,2024-06-01,5.0
BH,CAT_002,2024-07-01,10.0
BH,CAT_002,2024-08-01,5.0
BH,CAT_002,2024-09-01,10.0
BH,CAT_002,2024-10-01,5.0
BH,CAT_002,2024-11-01,10.0
BH,CAT_002,2024-12-01,3.0
BH,CAT_002,2025-01-01,5.0
BH,CAT_002,2025-02-01,3.0
BH,CAT_002,2025-03-01,10.0
BH,CAT_002,2025-04-01,14.0
BH,CAT_002,2025-05-01,15.0
BH,CAT_002,2025-06-01,6.0
BH,CAT_002,2025-07-01,7.0
BH,CAT_002,2025-08-01,6.0
BH,CAT_002,2025-09-01,2.0
BH,CAT_002,2025-10-01,3.0
BH,CAT_002,2025-11-01,8.0
CA,CAT_017,2024-04-01,13.0
CA,CAT_017,2024-05-01,5.0
CA,CAT_017,2024-06-01,5.0
CA,CAT_017,2024-07-01,3.0
CA,CAT_017,2024-08-01,7.0
CA,CAT_017,2024-09-01,5.0
CA,CAT_017,2024-10-01,11.0
CA,CAT_017,2024-11-01,6.0
CA,CAT_017,2024-12-01,2.0
CA,CAT_017,2025-01-01,0.0
CA,CAT_017,2025-02-01,2.0
CA,CAT_017,2025-03-01,4.0
CA,CAT_017,2025-04-01,6.0
CA,CAT_017,2025-05-01,1.0
CA,CAT_017,2025-06-01,4.0
CA,CAT_017,2025-07-01,0.0
CA,CAT_017,2025-08-01,4.0
CA,CAT_017,2025-09-01,2.0
CA,CAT_017,2025-10-01,4.0
CA,CAT_017,2025-11-01,0.0
CA,CAT_017,2025-12-01,3.0
CN,CAT_002,2024-04-01,7.0
CN,CAT_002,2024-05-01,5.0
CN,CAT_002,2024-06-01,21.0
CN,CAT_002,2024-07-01,1.0
CN,CAT_002,2024-08-01,4.0
CN,CAT_002,2024-09-01,14.0
CN,CAT_002,2024-10-01,6.0
CN,CAT_002,2024-11-01,6.0
CN,CAT_002,2024-12-01,0.0
CN,CAT_002,2025-01-01,6.0
CN,CAT_002,2025-02-01,2.0
CN,CAT_002,2025-03-01,5.0
CN,CAT_002,2025-04-01,12.0
CN,CAT_002,2025-05-01,4.0
CN,CAT_002,2025-06-01,7.0
CN,CAT_002,2025-07-01,8.0
CN,CAT_002,2025-08-01,11.0
CN,CAT_002,2025-09-01,5.0
CN,CAT_002,2025-10-01,7.0
CN,CAT_002,2025-11-01,8.0
CO,CAT_009,2024-06-01,0.0
CO,CAT_009,2024-07-01,4.0
CO,CAT_009,2024-08-01,9.0
CO,CAT_009,2024-09-01,13.0
CO,CAT_009,2024-10-01,22.0
CO,CAT_009,2024-11-01,11.0
CO,CAT_009,2024-12-01,5.0
CO,CAT_009,2025-01-01,14.0
CO,CAT_009,2025-02-01,13.0
CO,CAT_009,2025-03-01,8.0
CO,CAT_009,2025-04-01,6.0
CO,CAT_009,2025-05-01,6.0
CO,CAT_009,2025-06-01,1.0
CO,CAT_009,2025-07-01,2.0
CO,CAT_009,2025-08-01,6.0
CO,CAT_009,2025-09-01,3.0
CO,CAT_009,2025-10-01,2.0
CO,CAT_009,2025-11-01,9.0
CO,CAT_009,2025-12-01,3.0
CZ,CAT_008,2024-05-01,11.0
CZ,CAT_008,2024-06-01,10.0
CZ,CAT_008,2024-07-01,8.0
CZ,CAT_008,2024-08-01,5.0
CZ,CAT_008,2024-09-01,11.0
CZ,CAT_008,2024-10-01,4.0
CZ,CAT_008,2024-11-01,9.0
CZ,CAT_008,2024-12-01,0.0
CZ,CAT_008,2025-01-01,2.0
CZ,CAT_008,2025-02-01,2.0
CZ,CAT_008,2025-03-01,10.0
CZ,CAT_008,2025-04-01,10.0
CZ,CAT_008,2025-05-01,4.0
CZ,CAT_008,2025-06-01,10.0
CZ,CAT_008,2025-07-01,4.0
CZ,CAT_008,2025-08-01,7.0
CZ,CAT_008,2025-09-01,2.0
CZ,CAT_008,2025-10-01,1.0
CZ,CAT_008,2025-11-01,0.0
CZ,CAT_008,2025-12-01,2.0
CZ,CAT_014,2024-04-01,21.0
CZ,CAT_014,2024-05-01,17.0
CZ,CAT_014,2024-06-01,20.0
CZ,CAT_014,2024-07-01,2.0
CZ,CAT_014,2024-08-01,5.0
CZ,CAT_014,2024-09-01,11.0
CZ,CAT_014,2024-10-01,5.0
CZ,CAT_014,2024-11-01,3.0
CZ,CAT_014,2024-12-01,4.0
CZ,CAT_014,2025-01-01,0.0
CZ,CAT_014,2025-02-01,1.0
CZ,CAT_014,2025-03-01,10.0
CZ,CAT_014,2025-04-01,3.0
CZ,CAT_014,2025-05-01,8.0
CZ,CAT_014,2025-06-01,9.0
CZ,CAT_014,2025-07-01,6.0
CZ,CAT_014,2025-08-01,9.0
CZ,CAT_014,2025-09-01,9.0
CZ,CAT_014,2025-10-01,1.0
CZ,CAT_014,2025-11-01,2.0
DK,CAT_001,2024-04-01,29.0
DK,CAT_001,2024-05-01,19.0
DK,CAT_001,2024-06-01,21.0
DK,CAT_001,2024-07-01,0.0
DK,CAT_001,2024-08-01,20.0
DK,CAT_001,2024-09-01,11.0
DK,CAT_001,2024-10-01,4.0
DK,CAT_001,2024-11-01,6.0
DK,CAT_001,2024-12-01,1.0
DK,CAT_001,2025-01-01,2.0
DK,CAT_001,2025-02-01,2.0
DK,CAT_001,2025-03-01,1.0
DK,CAT_001,2025-04-01,15.0
DK,CAT_001,2025-05-01,9.0
DK,CAT_001,2025-06-01,7.0
DK,CAT_001,2025-07-01,13.0
DK,CAT_001,2025-08-01,6.0
DK,CAT_001,2025-09-01,13.0
DK,CAT_001,2025-10-01,8.0
DK,CAT_001,2025-11-01,10.0
DK,CAT_001,2025-12-01,10.0
DK,CAT_002,2024-05-01,22.0
DK,CAT_002,2024-06-01,19.0
DK,CAT_002,2024-07-01,6.0
DK,CAT_002,2024-08-01,5.0
DK,CAT_002,2024-09-01,7.0
DK,CAT_002,2024-10-01,2.0
DK,CAT_002,2024-11-01,4.0
DK,CAT_002,2024-12-01,4.0
DK,CAT_002,2025-01-01,2.0
DK,CAT_002,2025-02-01,2.0
DK,CAT_002,2025-03-01,10.0
DK,CAT_002,2025-04-01,12.0
DK,CAT_002,2025-05-01,14.0
DK,CAT_002,2025-06-01,5.0
DK,CAT_002,2025-07-01,1.0
DK,CAT_002,2025-08-01,4.0
DK,CAT_002,2025-09-01,6.0
DK,CAT_002,2025-10-01,3.0
DK,CAT_002,2025-11-01,4.0
DK,CAT_002,2025-12-01,3.0
DK,CAT_013,2024-04-01,20.0
DK,CAT_013,2024-05-01,13.0
DK,CAT_013,2024-06-01,16.0
DK,CAT_013,2024-07-01,10.0
DK,CAT_013,2024-08-01,12.0
DK,CAT_013,2024-09-01,8.0
DK,CAT_013,2024-10-01,1.0
DK,CAT_013,2024-11-01,4.0
DK,CAT_013,2024-12-01,3.0
DK,CAT_013,2025-01-01,2.0
DK,CAT_013,2025-02-01,3.0
DK,CAT_013,2025-03-01,12.0
DK,CAT_013,2025-04-01,12.0
DK,CAT_013,2025-05-01,9.0
DK,CAT_013,2025-06-01,1.0
DK,CAT_013,2025-07-01,8.0
DK,CAT_013,2025-08-01,6.0
DK,CAT_013,2025-09-01,5.0
DK,CAT_013,2025-10-01,4.0
DK,CAT_013,2025-11-01,13.0
DK,CAT_013,2025-12-01,5.0
DK,CAT_014,2024-04-01,10.0
DK,CAT_014,2024-05-01,10.0
DK,CAT_014,2024-06-01,11.0
DK,CAT_014,2024-07-01,3.0
DK,CAT_014,2024-08-01,6.0
DK,CAT_014,2024-09-01,11.0
DK,CAT_014,2024-10-01,5.0
DK,CAT_014,2024-11-01,1.0
DK,CAT_014,2024-12-01,1.0
DK,CAT_014,2025-01-01,2.0
DK,CAT_014,2025-02-01,2.0
DK,CAT_014,2025-03-01,6.0
DK,CAT_014,2025-04-01,9.0
DK,CAT_014,2025-05-01,7.0
DK,CAT_014,2025-06-01,6.0
DK,CAT_014,2025-07-01,3.0
DK,CAT_014,2025-08-01,6.0
DK,CAT_014,2025-09-01,4.0
DK,CAT_014,2025-10-01,3.0
DK,CAT_014,2025-11-01,1.0
DK,CAT_014,2025-12-01,3.0
EE,CAT_001,2024-04-01,40.0
EE,CAT_001,2024-05-01,25.0
EE,CAT_001,2024-06-01,11.0
EE,CAT_001,2024-07-01,1.0
EE,CAT_001,2024-08-01,4.0
EE,CAT_001,2024-09-01,1.0
EE,CAT_001,2024-10-01,12.0
EE,CAT_001,2024-11-01,2.0
EE,CAT_001,2024-12-01,4.0
EE,CAT_001,2025-01-01,1.0
EE,CAT_001,2025-02-01,0.0
EE,CAT_001,2025-03-01,4.0
EE,CAT_001,2025-04-01,6.0
EE,CAT_001,2025-05-01,12.0
EE,CAT_001,2025-06-01,2.0
EE,CAT_001,2025-07-01,1.0
EE,CAT_001,2025-08-01,8.0
EE,CAT_001,2025-09-01,5.0
EE,CAT_001,2025-10-01,2.0
EE,CAT_001,2025-11-01,2.0
EE,CAT_001,2025-12-01,4.0
EE,CAT_002,2024-04-01,14.0
EE,CAT_002,2024-05-01,19.0
EE,CAT_002,2024-06-01,10.0
EE,CAT_002,2024-07-01,1.0
EE,CAT_002,2024-08-01,4.0
EE,CAT_002,2024-09-01,4.0
EE,CAT_002,2024-10-01,4.0
EE,CAT_002,2024-11-01,5.0
EE,CAT_002,2024-12-01,1.0
EE,CAT_002,2025-01-01,1.0
EE,CAT_002,2025-02-01,1.0
EE,CAT_002,2025-03-01,5.0
EE,CAT_002,2025-04-01,6.0
EE,CAT_002,2025-05-01,3.0
EE,CAT_002,2025-06-01,8.0
EE,CAT_002,2025-07-01,4.0
EE,CAT_002,2025-08-01,6.0
EE,CAT_002,2025-09-01,6.0
EE,CAT_002,2025-10-01,3.0
EE,CAT_002,2025-11-01,2.0
EE,CAT_007,2024-04-01,10.0
EE,CAT_007,2024-05-01,14.0
EE,CAT_007,2024-06-01,5.0
EE,CAT_007,2024-07-01,3.0
EE,CAT_007,2024-08-01,7.0
EE,CAT_007,2024-09-01,16.0
EE,CAT_007,2024-10-01,3.0
EE,CAT_007,2024-11-01,8.0
EE,CAT_007,2024-12-01,2.0
EE,CAT_007,2025-01-01,6.0
EE,CAT_007,2025-02-01,3.0
EE,CAT_007,2025-03-01,8.0
EE,CAT_007,2025-04-01,11.0
EE,CAT_007,2025-05-01,9.0
EE,CAT_007,2025-06-01,9.0
EE,CAT_007,2025-07-01,11.0
EE,CAT_007,2025-08-01,4.0
EE,CAT_007,2025-09-01,2.0
EE,CAT_007,2025-10-01,7.0
EE,CAT_007,2025-11-01,3.0
EE,CAT_009,2024-04-01,17.0
EE,CAT_009,2024-05-01,12.0
EE,CAT_009,2024-06-01,3.0
EE,CAT_009,2024-07-01,4.0
EE,CAT_009,2024-08-01,7.0
EE,CAT_009,2024-09-01,9.0
EE,CAT_009,2024-10-01,10.0
EE,CAT_009,2024-11-01,12.0
EE,CAT_009,2024-12-01,2.0
EE,CAT_009,2025-01-01,8.0
EE,CAT_009,2025-02-01,9.0
EE,CAT_009,2025-03-01,18.0
EE,CAT_009,2025-04-01,14.0
EE,CAT_009,2025-05-01,10.0
EE,CAT_009,2025-06-01,11.0
EE,CAT_009,2025-07-01,3.0
EE,CAT_009,2025-08-01,3.0
EE,CAT_009,2025-09-01,6.0
EE,CAT_009,2025-10-01,3.0
EE,CAT_009,2025-11-01,3.0
EE,CAT_012,2024-05-01,30.0
EE,CAT_012,2024-06-01,40.0
EE,CAT_012,2024-07-01,11.0
EE,CAT_012,2024-08-01,9.0
EE,CAT_012,2024-09-01,4.0
EE,CAT_012,2024-10-01,1.0
EE,CAT_012,2024-11-01,5.0
EE,CAT_012,2024-12-01,4.0
EE,CAT_012,2025-01-01,3.0
EE,CAT_012,2025-02-01,1.0
EE,CAT_012,2025-03-01,7.0
EE,CAT_012,2025-04-01,6.0
EE,CAT_012,2025-05-01,9.0
EE,CAT_012,2025-06-01,9.0
EE,CAT_012,2025-07-01,4.0
EE,CAT_012,2025-08-01,3.0
EE,CAT_012,2025-09-01,3.0
EE,CAT_012,2025-10-01,1.0
EE,CAT_012,2025-11-01,1.0
EE,CAT_012,2025-12-01,1.0
EE,CAT_013,2024-04-01,22.0
EE,CAT_013,2024-05-01,20.0
EE,CAT_013,2024-06-01,10.0
EE,CAT_013,2024-07-01,3.0
EE,CAT_013,2024-08-01,7.0
EE,CAT_013,2024-09-01,5.0
EE,CAT_013,2024-10-01,2.0
EE,CAT_013,2024-11-01,3.0
EE,CAT_013,2024-12-01,2.0
EE,CAT_013,2025-01-01,8.0
EE,CAT_013,2025-02-01,4.0
EE,CAT_013,2025-03-01,6.0
EE,CAT_013,2025-04-01,12.0
EE,CAT_013,2025-05-01,4.0
EE,CAT_013,2025-06-01,15.0
EE,CAT_013,2025-07-01,5.0
EE,CAT_013,2025-08-01,1.0
EE,CAT_013,2025-09-01,4.0
EE,CAT_013,2025-10-01,0.0
EE,CAT_013,2025-11-01,0.0
EE,CAT_013,2025-12-01,1.0
ES,CAT_015,2024-04-01,4.0
ES,CAT_015,2024-05-01,4.0
ES,CAT_015,2024-06-01,7.0
ES,CAT_015,2024-07-01,1.0
ES,CAT_015,2024-08-01,7.0
ES,CAT_015,2024-09-01,7.0
ES,CAT_015,2024-10-01,5.0
ES,CAT_015,2024-11-01,9.0
ES,CAT_015,2024-12-01,2.0
ES,CAT_015,2025-01-01,2.0
ES,CAT_015,2025-02-01,2.0
ES,CAT_015,2025-03-01,0.0
ES,CAT_015,2025-04-01,3.0
ES,CAT_015,2025-05-01,3.0
ES,CAT_015,2025-06-01,10.0
ES,CAT_015,2025-07-01,8.0
ES,CAT_015,2025-08-01,9.0
ES,CAT_015,2025-09-01,8.0
ES,CAT_015,2025-10-01,7.0
ES,CAT_015,2025-11-01,7.0
ES,CAT_015,2025-12-01,3.0
FI,CAT_013,2024-04-01,31.0
FI,CAT_013,2024-05-01,16.0
FI,CAT_013,2024-06-01,13.0
FI,CAT_013,2024-07-01,17.0
FI,CAT_013,2024-08-01,10.0
FI,CAT_013,2024-09-01,8.0
FI,CAT_013,2024-10-01,6.0
FI,CAT_013,2024-11-01,6.0
FI,CAT_013,2024-12-01,0.0
FI,CAT_013,2025-01-01,6.0
FI,CAT_013,2025-02-01,10.0
FI,CAT_013,2025-03-01,11.0
FI,CAT_013,2025-04-01,14.0
FI,CAT_013,2025-05-01,12.0
FI,CAT_013,2025-06-01,14.0
FI,CAT_013,2025-07-01,5.0
FI,CAT_013,2025-08-01,11.0
FI,CAT_013,2025-09-01,2.0
FI,CAT_013,2025-10-01,2.0
FI,CAT_013,2025-11-01,5.0
FI,CAT_014,2024-05-01,18.0
FI,CAT_014,2024-06-01,10.0
FI,CAT_014,2024-07-01,8.0
FI,CAT_014,2024-08-01,5.0
FI,CAT_014,2024-09-01,7.0
FI,CAT_014,2024-10-01,4.0
FI,CAT_014,2024-11-01,5.0
FI,CAT_014,2024-12-01,1.0
FI,CAT_014,2025-01-01,1.0
FI,CAT_014,2025-02-01,2.0
FI,CAT_014,2025-03-01,8.0
FI,CAT_014,2025-04-01,18.0
FI,CAT_014,2025-05-01,9.0
FI,CAT_014,2025-06-01,12.0
FI,CAT_014,2025-07-01,5.0
FI,CAT_014,2025-08-01,6.0
FI,CAT_014,2025-09-01,3.0
FI,CAT_014,2025-10-01,2.0
FI,CAT_014,2025-11-01,1.0
FI,CAT_014,2025-12-01,1.0
FR,CAT_015,2024-04-01,10.0
FR,CAT_015,2024-05-01,7.0
FR,CAT_015,2024-06-01,6.0
FR,CAT_015,2024-07-01,6.0
FR,CAT_015,2024-08-01,4.0
FR,CAT_015,2024-09-01,15.0
FR,CAT_015,2024-10-01,10.0
FR,CAT_015,2024-11-01,4.0
FR,CAT_015,2024-12-01,4.0
FR,CAT_015,2025-01-01,4.0
FR,CAT_015,2025-02-01,7.0
FR,CAT_015,2025-03-01,1.0
FR,CAT_015,2025-04-01,6.0
FR,CAT_015,2025-05-01,3.0
FR,CAT_015,2025-06-01,18.0
FR,CAT_015,2025-07-01,13.0
FR,CAT_015,2025-08-01,17.0
FR,CAT_015,2025-09-01,15.0
FR,CAT_015,2025-10-01,10.0
FR,CAT_015,2025-11-01,21.0
FR,CAT_015,2025-12-01,4.0
GR,CAT_014,2024-04-01,13.0
GR,CAT_014,2024-05-01,7.0
GR,CAT_014,2024-06-01,6.0
GR,CAT_014,2024-07-01,3.0
GR,CAT_014,2024-08-01,5.0
GR,CAT_014,2024-09-01,13.0
GR,CAT_014,2024-10-01,19.0
GR,CAT_014,2024-11-01,9.0
GR,CAT_014,2024-12-01,2.0
GR,CAT_014,2025-01-01,1.0
GR,CAT_014,2025-02-01,1.0
GR,CAT_014,2025-03-01,7.0
GR,CAT_014,2025-04-01,6.0
GR,CAT_014,2025-05-01,11.0
GR,CAT_014,2025-06-01,4.0
GR,CAT_014,2025-07-01,3.0
GR,CAT_014,2025-08-01,5.0
GR,CAT_014,2025-09-01,8.0
GR,CAT_014,2025-10-01,9.0
GR,CAT_014,2025-11-01,8.0
GR,CAT_014,2025-12-01,3.0
HK,CAT_010,2024-04-01,4.0
HK,CAT_010,2024-05-01,2.0
HK,CAT_010,2024-06-01,0.0
HK,CAT_010,2024-07-01,1.0
HK,CAT_010,2024-08-01,1.0
HK,CAT_010,2024-09-01,0.0
HK,CAT_010,2024-10-01,3.0
HK,CAT_010,2024-11-01,25.0
HK,CAT_010,2024-12-01,9.0
HK,CAT_010,2025-01-01,7.0
HK,CAT_010,2025-02-01,5.0
HK,CAT_010,2025-03-01,4.0
HK,CAT_010,2025-04-01,3.0
HK,CAT_010,2025-05-01,3.0
HK,CAT_010,2025-06-01,8.0
HK,CAT_010,2025-07-01,9.0
HK,CAT_010,2025-08-01,6.0
HK,CAT_010,2025-09-01,6.0
HK,CAT_010,2025-10-01,2.0
HK,CAT_010,2025-11-01,11.0
HK,CAT_010,2025-12-01,1.0
HR,CAT_001,2024-04-01,15.0
HR,CAT_001,2024-05-01,19.0
HR,CAT_001,2024-06-01,5.0
HR,CAT_001,2024-07-01,17.0
HR,CAT_001,2024-08-01,13.0
HR,CAT_001,2024-09-01,12.0
HR,CAT_001,2024-10-01,0.0
HR,CAT_001,2024-11-01,6.0
HR,CAT_001,2024-12-01,1.0
HR,CAT_001,2025-01-01,2.0
HR,CAT_001,2025-02-01,1.0
HR,CAT_001,2025-03-01,3.0
HR,CAT_001,2025-04-01,11.0
HR,CAT_001,2025-05-01,18.0
HR,CAT_001,2025-06-01,3.0
HR,CAT_001,2025-07-01,3.0
HR,CAT_001,2025-08-01,8.0
HR,CAT_001,2025-09-01,5.0
HR,CAT_001,2025-10-01,7.0
HR,CAT_001,2025-11-01,7.0
HR,CAT_001,2025-12-01,1.0
HR,CAT_002,2024-04-01,21.0
HR,CAT_002,2024-05-01,13.0
HR,CAT_002,2024-06-01,13.0
HR,CAT_002,2024-07-01,13.0
HR,CAT_002,2024-08-01,2.0
HR,CAT_002,2024-09-01,4.0
HR,CAT_002,2024-10-01,3.0
HR,CAT_002,2024-11-01,6.0
HR,CAT_002,2024-12-01,1.0
HR,CAT_002,2025-01-01,0.0
HR,CAT_002,2025-02-01,1.0
HR,CAT_002,2025-03-01,6.0
HR,CAT_002,2025-04-01,8.0
HR,CAT_002,2025-05-01,4.0
HR,CAT_002,2025-06-01,11.0
HR,CAT_002,2025-07-01,1.0
HR,CAT_002,2025-08-01,5.0
HR,CAT_002,2025-09-01,1.0
HR,CAT_002,2025-10-01,2.0
HR,CAT_002,2025-11-01,4.0
HR,CAT_002,2025-12-01,1.0
HR,CAT_007,2024-04-01,13.0
HR,CAT_007,2024-05-01,9.0
HR,CAT_007,2024-06-01,3.0
HR,CAT_007,2024-07-01,3.0
HR,CAT_007,2024-08-01,8.0
HR,CAT_007,2024-09-01,10.0
HR,CAT_007,2024-10-01,8.0
HR,CAT_007,2024-11-01,8.0
HR,CAT_007,2024-12-01,6.0
HR,CAT_007,2025-01-01,1.0
HR,CAT_007,2025-02-01,4.0
HR,CAT_007,2025-03-01,14.0
HR,CAT_007,2025-04-01,5.0
HR,CAT_007,2025-05-01,11.0
HR,CAT_007,2025-06-01,6.0
HR,CAT_007,2025-07-01,3.0
HR,CAT_007,2025-08-01,3.0
HR,CAT_007,2025-09-01,5.0
HR,CAT_007,2025-10-01,3.0
HR,CAT_007,2025-11-01,8.0
HR,CAT_009,2024-04-01,16.0
HR,CAT_009,2024-05-01,14.0
HR,CAT_009,2024-06-01,4.0
HR,CAT_009,2024-07-01,2.0
HR,CAT_009,2024-08-01,7.0
HR,CAT_009,2024-09-01,11.0
HR,CAT_009,2024-10-01,7.0
HR,CAT_009,2024-11-01,9.0
HR,CAT_009,2024-12-01,0.0
HR,CAT_009,2025-01-01,1.0
HR,CAT_009,2025-02-01,5.0
HR,CAT_009,2025-03-01,8.0
HR,CAT_009,2025-04-01,12.0
HR,CAT_009,2025-05-01,5.0
HR,CAT_009,2025-06-01,4.0
HR,CAT_009,2025-07-01,4.0
HR,CAT_009,2025-08-01,14.0
HR,CAT_009,2025-09-01,5.0
HR,CAT_009,2025-10-01,3.0
HR,CAT_009,2025-11-01,8.0
HR,CAT_009,2025-12-01,1.0
HU,CAT_002,2024-04-01,29.0
HU,CAT_002,2024-05-01,26.0
HU,CAT_002,2024-06-01,14.0
HU,CAT_002,2024-07-01,8.0
HU,CAT_002,2024-08-01,4.0
HU,CAT_002,2024-09-01,8.0
HU,CAT_002,2024-10-01,5.0
HU,CAT_002,2024-11-01,4.0
HU,CAT_002,2024-12-01,3.0
HU,CAT_002,2025-01-01,2.0
HU,CAT_002,2025-02-01,3.0
HU,CAT_002,2025-03-01,16.0
HU,CAT_002,2025-04-01,13.0
HU,CAT_002,2025-05-01,11.0
HU,CAT_002,2025-06-01,12.0
HU,CAT_002,2025-07-01,8.0
HU,CAT_002,2025-08-01,2.0
HU,CAT_002,2025-09-01,9.0
HU,CAT_002,2025-10-01,0.0
HU,CAT_002,2025-11-01,1.0
HU,CAT_002,2025-12-01,1.0
HU,CAT_014,2024-04-01,13.0
HU,CAT_014,2024-05-01,12.0
HU,CAT_014,2024-06-01,11.0
HU,CAT_014,2024-07-01,6.0
HU,CAT_014,2024-08-01,5.0
HU,CAT_014,2024-09-01,6.0
HU,CAT_014,2024-10-01,4.0
HU,CAT_014,2024-11-01,3.0
HU,CAT_014,2024-12-01,3.0
HU,CAT_014,2025-01-01,5.0
HU,CAT_014,2025-02-01,2.0
HU,CAT_014,2025-03-01,5.0
HU,CAT_014,2025-04-01,7.0
HU,CAT_014,2025-05-01,6.0
HU,CAT_014,2025-06-01,6.0
HU,CAT_014,2025-07-01,3.0
HU,CAT_014,2025-08-01,4.0
HU,CAT_014,2025-09-01,4.0
HU,CAT_014,2025-10-01,3.0
HU,CAT_014,2025-11-01,2.0
HU,CAT_014,2025-12-01,3.0
IL,CAT_001,2025-01-01,2.0
IL,CAT_001,2025-02-01,0.0
IL,CAT_001,2025-03-01,7.0
IL,CAT_001,2025-04-01,16.0
IL,CAT_001,2025-05-01,3.0
IL,CAT_001,2025-06-01,2.0
IL,CAT_001,2025-07-01,4.0
IL,CAT_001,2025-08-01,8.0
IL,CAT_001,2025-09-01,11.0
IL,CAT_001,2025-10-01,13.0
IL,CAT_001,2025-11-01,11.0
IL,CAT_001,2025-12-01,2.0
IL,CAT_002,2025-01-01,5.0
IL,CAT_002,2025-02-01,2.0
IL,CAT_002,2025-03-01,14.0
IL,CAT_002,2025-04-01,7.0
IL,CAT_002,2025-05-01,8.0
IL,CAT_002,2025-06-01,4.0
IL,CAT_002,2025-07-01,6.0
IL,CAT_002,2025-08-01,6.0
IL,CAT_002,2025-09-01,10.0
IL,CAT_002,2025-10-01,5.0
IL,CAT_002,2025-11-01,2.0
IL,CAT_002,2025-12-01,5.0
IL,CAT_007,2024-12-01,3.0
IL,CAT_007,2025-01-01,11.0
IL,CAT_007,2025-02-01,5.0
IL,CAT_007,2025-03-01,18.0
IL,CAT_007,2025-04-01,17.0
IL,CAT_007,2025-05-01,7.0
IL,CAT_007,2025-06-01,4.0
IL,CAT_007,2025-07-01,11.0
IL,CAT_007,2025-08-01,6.0
IL,CAT_007,2025-09-01,10.0
IL,CAT_007,2025-10-01,5.0
IL,CAT_007,2025-11-01,8.0
IL,CAT_007,2025-12-01,2.0
IL,CAT_009,2025-01-01,11.0
IL,CAT_009,2025-02-01,13.0
IL,CAT_009,2025-03-01,18.0
IL,CAT_009,2025-04-01,9.0
IL,CAT_009,2025-05-01,7.0
IL,CAT_009,2025-06-01,3.0
IL,CAT_009,2025-07-01,2.0
IL,CAT_009,2025-08-01,12.0
IL,CAT_009,2025-09-01,15.0
IL,CAT_009,2025-10-01,5.0
IL,CAT_009,2025-11-01,5.0
IL,CAT_009,2025-12-01,6.0
IL,CAT_012,2025-01-01,1.0
IL,CAT_012,2025-02-01,4.0
IL,CAT_012,2025-03-01,29.0
IL,CAT_012,2025-04-01,15.0
IL,CAT_012,2025-05-01,11.0
IL,CAT_012,2025-06-01,10.0
IL,CAT_012,2025-07-01,23.0
IL,CAT_012,2025-08-01,6.0
IL,CAT_012,2025-09-01,4.0
IL,CAT_012,2025-10-01,2.0
IL,CAT_012,2025-11-01,0.0
IL,CAT_012,2025-12-01,3.0
IL,CAT_013,2024-12-01,1.0
IL,CAT_013,2025-01-01,8.0
IL,CAT_013,2025-02-01,11.0
IL,CAT_013,2025-03-01,20.0
IL,CAT_013,2025-04-01,11.0
IL,CAT_013,2025-05-01,2.0
IL,CAT_013,2025-06-01,3.0
IL,CAT_013,2025-07-01,11.0
IL,CAT_013,2025-08-01,9.0
IL,CAT_013,2025-09-01,11.0
IL,CAT_013,2025-10-01,13.0
IL,CAT_013,2025-11-01,10.0
IL,CAT_013,2025-12-01,5.0
IT,CAT_015,2024-04-01,7.0
IT,CAT_015,2024-05-01,9.0
IT,CAT_015,2024-06-01,6.0
IT,CAT_015,2024-07-01,5.0
IT,CAT_015,2024-08-01,4.0
IT,CAT_015,2024-09-01,7.0
IT,CAT_015,2024-10-01,9.0
IT,CAT_015,2024-11-01,10.0
IT,CAT_015,2024-12-01,5.0
IT,CAT_015,2025-01-01,3.0
IT,CAT_015,2025-02-01,2.0
IT,CAT_015,2025-03-01,1.0
IT,CAT_015,2025-04-01,1.0
IT,CAT_015,2025-05-01,6.0
IT,CAT_015,2025-06-01,10.0
IT,CAT_015,2025-07-01,15.0
IT,CAT_015,2025-08-01,10.0
IT,CAT_015,2025-09-01,16.0
IT,CAT_015,2025-10-01,17.0
IT,CAT_015,2025-11-01,13.0
IT,CAT_015,2025-12-01,6.0
JO,CAT_005,2024-04-01,0.0
JO,CAT_005,2024-05-01,5.0
JO,CAT_005,2024-06-01,1.0
JO,CAT_005,2024-07-01,5.0
JO,CAT_005,2024-08-01,10.0
JO,CAT_005,2024-09-01,25.0
JO,CAT_005,2024-10-01,5.0
JO,CAT_005,2024-11-01,11.0
JO,CAT_005,2024-12-01,1.0
JO,CAT_005,2025-01-01,3.0
JO,CAT_005,2025-02-01,7.0
JO,CAT_005,2025-03-01,24.0
JO,CAT_005,2025-04-01,27.0
JO,CAT_005,2025-05-01,30.0
JO,CAT_005,2025-06-01,14.0
JO,CAT_005,2025-07-01,7.0
JO,CAT_005,2025-08-01,6.0
JO,CAT_005,2025-09-01,5.0
JO,CAT_005,2025-10-01,2.0
JO,CAT_005,2025-11-01,9.0
JO,CAT_005,2025-12-01,1.0
KW,CAT_008,2024-05-01,4.0
KW,CAT_008,2024-06-01,5.0
KW,CAT_008,2024-07-01,15.0
KW,CAT_008,2024-08-01,8.0
KW,CAT_008,2024-09-01,4.0
KW,CAT_008,2024-10-01,6.0
KW,CAT_008,2024-11-01,9.0
KW,CAT_008,2024-12-01,2.0
KW,CAT_008,2025-01-01,0.0
KW,CAT_008,2025-02-01,19.0
KW,CAT_008,2025-03-01,2.0
KW,CAT_008,2025-04-01,3.0
KW,CAT_008,2025-05-01,3.0
KW,CAT_008,2025-06-01,4.0
KW,CAT_008,2025-07-01,14.0
KW,CAT_008,2025-08-01,3.0
KW,CAT_008,2025-09-01,8.0
KW,CAT_008,2025-10-01,9.0
KW,CAT_008,2025-11-01,13.0
KW,CAT_008,2025-12-01,2.0
KW,CAT_014,2024-04-01,7.0
KW,CAT_014,2024-05-01,4.0
KW,CAT_014,2024-06-01,5.0
KW,CAT_014,2024-07-01,1.0
KW,CAT_014,2024-08-01,13.0
KW,CAT_014,2024-09-01,8.0
KW,CAT_014,2024-10-01,3.0
KW,CAT_014,2024-11-01,5.0
KW,CAT_014,2024-12-01,7.0
KW,CAT_014,2025-01-01,4.0
KW,CAT_014,2025-02-01,1.0
KW,CAT_014,2025-03-01,4.0
KW,CAT_014,2025-04-01,17.0
KW,CAT_014,2025-05-01,8.0
KW,CAT_014,2025-06-01,7.0
KW,CAT_014,2025-07-01,4.0
KW,CAT_014,2025-08-01,3.0
KW,CAT_014,2025-09-01,8.0
KW,CAT_014,2025-10-01,0.0
KW,CAT_014,2025-11-01,10.0
KW,CAT_014,2025-12-01,7.0
KZ,CAT_009,2024-04-01,10.0
KZ,CAT_009,2024-05-01,3.0
KZ,CAT_009,2024-06-01,4.0
KZ,CAT_009,2024-07-01,7.0
KZ,CAT_009,2024-08-01,6.0
KZ,CAT_009,2024-09-01,4.0
KZ,CAT_009,2024-10-01,1.0
KZ,CAT_009,2024-11-01,6.0
KZ,CAT_009,2024-12-01,2.0
KZ,CAT_009,2025-01-01,1.0
KZ,CAT_009,2025-02-01,7.0
KZ,CAT_009,2025-03-01,29.0
KZ,CAT_009,2025-04-01,13.0
KZ,CAT_009,2025-05-01,10.0
KZ,CAT_009,2025-06-01,3.0
KZ,CAT_009,2025-07-01,2.0
KZ,CAT_009,2025-08-01,3.0
KZ,CAT_009,2025-09-01,3.0
KZ,CAT_009,2025-10-01,2.0
KZ,CAT_009,2025-11-01,3.0
KZ,CAT_009,2025-12-01,1.0
KZ,CAT_012,2024-04-01,12.0
KZ,CAT_012,2024-05-01,11.0
KZ,CAT_012,2024-06-01,12.0
KZ,CAT_012,2024-07-01,4.0
KZ,CAT_012,2024-08-01,2.0
KZ,CAT_012,2024-09-01,1.0
KZ,CAT_012,2024-10-01,0.0
KZ,CAT_012,2024-11-01,2.0
KZ,CAT_012,2024-12-01,1.0
KZ,CAT_012,2025-01-01,0.0
KZ,CAT_012,2025-02-01,0.0
KZ,CAT_012,2025-03-01,14.0
KZ,CAT_012,2025-04-01,14.0
KZ,CAT_012,2025-05-01,22.0
KZ,CAT_012,2025-06-01,7.0
KZ,CAT_012,2025-07-01,4.0
KZ,CAT_012,2025-08-01,2.0
KZ,CAT_013,2024-05-01,11.0
KZ,CAT_013,2024-06-01,9.0
KZ,CAT_013,2024-07-01,4.0
KZ,CAT_013,2024-08-01,0.0
KZ,CAT_013,2024-09-01,2.0
KZ,CAT_013,2024-10-01,1.0
KZ,CAT_013,2024-11-01,2.0
KZ,CAT_013,2024-12-01,2.0
KZ,CAT_013,2025-01-01,2.0
KZ,CAT_013,2025-02-01,3.0
KZ,CAT_013,2025-03-01,12.0
KZ,CAT_013,2025-04-01,7.0
KZ,CAT_013,2025-05-01,4.0
KZ,CAT_013,2025-06-01,7.0
KZ,CAT_013,2025-07-01,8.0
KZ,CAT_013,2025-08-01,9.0
KZ,CAT_013,2025-09-01,4.0
KZ,CAT_013,2025-10-01,3.0
KZ,CAT_013,2025-11-01,2.0
KZ,CAT_013,2025-12-01,1.0
LT,CAT_001,2024-05-01,29.0
LT,CAT_001,2024-06-01,28.0
LT,CAT_001,2024-07-01,8.0
LT,CAT_001,2024-08-01,11.0
LT,CAT_001,2024-09-01,8.0
LT,CAT_001,2024-10-01,0.0
LT,CAT_001,2024-11-01,1.0
LT,CAT_001,2024-12-01,0.0
LT,CAT_001,2025-01-01,4.0
LT,CAT_001,2025-02-01,7.0
LT,CAT_001,2025-03-01,10.0
LT,CAT_001,2025-04-01,17.0
LT,CAT_001,2025-05-01,7.0
LT,CAT_001,2025-06-01,11.0
LT,CAT_001,2025-07-01,10.0
LT,CAT_001,2025-08-01,16.0
LT,CAT_001,2025-09-01,7.0
LT,CAT_001,2025-10-01,2.0
LT,CAT_001,2025-11-01,8.0
LT,CAT_001,2025-12-01,1.0
LT,CAT_007,2024-04-01,19.0
LT,CAT_007,2024-05-01,14.0
LT,CAT_007,2024-06-01,15.0
LT,CAT_007,2024-07-01,8.0
LT,CAT_007,2024-08-01,15.0
LT,CAT_007,2024-09-01,4.0
LT,CAT_007,2024-10-01,5.0
LT,CAT_007,2024-11-01,5.0
LT,CAT_007,2024-12-01,1.0
LT,CAT_007,2025-01-01,2.0
LT,CAT_007,2025-02-01,4.0
LT,CAT_007,2025-03-01,25.0
LT,CAT_007,2025-04-01,21.0
LT,CAT_007,2025-05-01,7.0
LT,CAT_007,2025-06-01,4.0
LT,CAT_007,2025-07-01,20.0
LT,CAT_007,2025-08-01,10.0
LT,CAT_007,2025-09-01,3.0
LT,CAT_007,2025-10-01,0.0
LT,CAT_007,2025-11-01,4.0
LT,CAT_007,2025-12-01,3.0
LT,CAT_013,2024-05-01,12.0
LT,CAT_013,2024-06-01,15.0
LT,CAT_013,2024-07-01,14.0
LT,CAT_013,2024-08-01,10.0
LT,CAT_013,2024-09-01,6.0
LT,CAT_013,2024-10-01,1.0
LT,CAT_013,2024-11-01,4.0
LT,CAT_013,2024-12-01,6.0
LT,CAT_013,2025-01-01,4.0
LT,CAT_013,2025-02-01,7.0
LT,CAT_013,2025-03-01,10.0
LT,CAT_013,2025-04-01,18.0
LT,CAT_013,2025-05-01,21.0
LT,CAT_013,2025-06-01,13.0
LT,CAT_013,2025-07-01,16.0
LT,CAT_013,2025-08-01,12.0
LT,CAT_013,2025-09-01,4.0
LT,CAT_013,2025-10-01,3.0
LT,CAT_013,2025-11-01,3.0
LT,CAT_013,2025-12-01,1.0
LU,CAT_002,2024-04-01,19.0
LU,CAT_002,2024-05-01,17.0
LU,CAT_002,2024-06-01,25.0
LU,CAT_002,2024-07-01,9.0
LU,CAT_002,2024-08-01,10.0
LU,CAT_002,2024-09-01,6.0
LU,CAT_002,2024-10-01,8.0
LU,CAT_002,2024-11-01,3.0
LU,CAT_002,2024-12-01,2.0
LU,CAT_002,2025-01-01,0.0
LU,CAT_002,2025-02-01,3.0
LU,CAT_002,2025-03-01,13.0
LU,CAT_002,2025-04-01,14.0
LU,CAT_002,2025-05-01,12.0
LU,CAT_002,2025-06-01,8.0
LU,CAT_002,2025-07-01,8.0
LU,CAT_002,2025-08-01,11.0
LU,CAT_002,2025-09-01,6.0
LU,CAT_002,2025-10-01,2.0
LU,CAT_002,2025-11-01,6.0
LU,CAT_002,2025-12-01,3.0
LU,CAT_014,2024-04-01,10.0
LU,CAT_014,2024-05-01,16.0
LU,CAT_014,2024-06-01,18.0
LU,CAT_014,2024-07-01,6.0
LU,CAT_014,2024-08-01,4.0
LU,CAT_014,2024-09-01,8.0
LU,CAT_014,2024-10-01,3.0
LU,CAT_014,2024-11-01,4.0
LU,CAT_014,2024-12-01,0.0
LU,CAT_014,2025-01-01,2.0
LU,CAT_014,2025-02-01,3.0
LU,CAT_014,2025-03-01,6.0
LU,CAT_014,2025-04-01,10.0
LU,CAT_014,2025-05-01,13.0
LU,CAT_014,2025-06-01,9.0
LU,CAT_014,2025-07-01,6.0
LU,CAT_014,2025-08-01,3.0
LU,CAT_014,2025-09-01,1.0
LU,CAT_014,2025-10-01,4.0
LU,CAT_014,2025-11-01,1.0
LV,CAT_001,2024-04-01,26.0
LV,CAT_001,2024-05-01,22.0
LV,CAT_001,2024-06-01,12.0
LV,CAT_001,2024-07-01,3.0
LV,CAT_001,2024-08-01,7.0
LV,CAT_001,2024-09-01,7.0
LV,CAT_001,2024-10-01,11.0
LV,CAT_001,2024-11-01,5.0
LV,CAT_001,2024-12-01,2.0
LV,CAT_001,2025-01-01,2.0
LV,CAT_001,2025-02-01,1.0
LV,CAT_001,2025-03-01,13.0
LV,CAT_001,2025-04-01,7.0
LV,CAT_001,2025-05-01,15.0
LV,CAT_001,2025-06-01,5.0
LV,CAT_001,2025-07-01,11.0
LV,CAT_001,2025-08-01,9.0
LV,CAT_001,2025-09-01,13.0
LV,CAT_001,2025-10-01,6.0
LV,CAT_001,2025-11-01,11.0
LV,CAT_001,2025-12-01,1.0
LV,CAT_002,2024-04-01,24.0
LV,CAT_002,2024-05-01,33.0
LV,CAT_002,2024-06-01,12.0
LV,CAT_002,2024-07-01,8.0
LV,CAT_002,2024-08-01,13.0
LV,CAT_002,2024-09-01,6.0
LV,CAT_002,2024-10-01,7.0
LV,CAT_002,2024-11-01,3.0
LV,CAT_002,2024-12-01,1.0
LV,CAT_002,2025-01-01,2.0
LV,CAT_002,2025-02-01,4.0
LV,CAT_002,2025-03-01,6.0
LV,CAT_002,2025-04-01,13.0
LV,CAT_002,2025-05-01,10.0
LV,CAT_002,2025-06-01,9.0
LV,CAT_002,2025-07-01,13.0
LV,CAT_002,2025-08-01,4.0
LV,CAT_002,2025-09-01,2.0
LV,CAT_002,2025-10-01,3.0
LV,CAT_002,2025-11-01,2.0
LV,CAT_002,2025-12-01,2.0
LV,CAT_007,2024-04-01,20.0
LV,CAT_007,2024-05-01,12.0
LV,CAT_007,2024-06-01,15.0
LV,CAT_007,2024-07-01,9.0
LV,CAT_007,2024-08-01,6.0
LV,CAT_007,2024-09-01,10.0
LV,CAT_007,2024-10-01,5.0
LV,CAT_007,2024-11-01,11.0
LV,CAT_007,2024-12-01,1.0
LV,CAT_007,2025-01-01,7.0
LV,CAT_007,2025-02-01,8.0
LV,CAT_007,2025-03-01,15.0
LV,CAT_007,2025-04-01,18.0
LV,CAT_007,2025-05-01,8.0
LV,CAT_007,2025-06-01,2.0
LV,CAT_007,2025-07-01,8.0
LV,CAT_007,2025-08-01,5.0
LV,CAT_007,2025-09-01,4.0
LV,CAT_007,2025-10-01,5.0
LV,CAT_007,2025-11-01,3.0
LV,CAT_013,2024-04-01,10.0
LV,CAT_013,2024-05-01,14.0
LV,CAT_013,2024-06-01,3.0
LV,CAT_013,2024-07-01,4.0
LV,CAT_013,2024-08-01,6.0
LV,CAT_013,2024-09-01,6.0
LV,CAT_013,2024-10-01,1.0
LV,CAT_013,2024-11-01,4.0
LV,CAT_013,2024-12-01,3.0
LV,CAT_013,2025-01-01,2.0
LV,CAT_013,2025-02-01,7.0
LV,CAT_013,2025-03-01,10.0
LV,CAT_013,2025-04-01,20.0
LV,CAT_013,2025-05-01,6.0
LV,CAT_013,2025-06-01,7.0
LV,CAT_013,2025-07-01,7.0
LV,CAT_013,2025-08-01,4.0
LV,CAT_013,2025-09-01,2.0
LV,CAT_013,2025-10-01,2.0
LV,CAT_013,2025-11-01,5.0
MO,CAT_001,2024-05-01,4.0
MO,CAT_001,2024-06-01,4.0
MO,CAT_001,2024-07-01,4.0
MO,CAT_001,2024-08-01,6.0
MO,CAT_001,2024-09-01,7.0
MO,CAT_001,2024-10-01,5.0
MO,CAT_001,2024-11-01,2.0
MO,CAT_001,2024-12-01,5.0
MO,CAT_001,2025-01-01,1.0
MO,CAT_001,2025-02-01,0.0
MO,CAT_001,2025-03-01,1.0
MO,CAT_001,2025-04-01,6.0
MO,CAT_001,2025-05-01,6.0
MO,CAT_001,2025-06-01,15.0
MO,CAT_001,2025-07-01,27.0
MO,CAT_001,2025-08-01,15.0
MO,CAT_001,2025-09-01,19.0
MO,CAT_001,2025-10-01,5.0
MO,CAT_001,2025-11-01,35.0
MO,CAT_001,2025-12-01,2.0
MO,CAT_007,2024-04-01,7.0
MO,CAT_007,2024-05-01,8.0
MO,CAT_007,2024-06-01,5.0
MO,CAT_007,2024-07-01,2.0
MO,CAT_007,2024-08-01,6.0
MO,CAT_007,2024-09-01,7.0
MO,CAT_007,2024-10-01,7.0
MO,CAT_007,2024-11-01,24.0
MO,CAT_007,2024-12-01,6.0
MO,CAT_007,2025-01-01,2.0
MO,CAT_007,2025-02-01,3.0
MO,CAT_007,2025-03-01,8.0
MO,CAT_007,2025-04-01,13.0
MO,CAT_007,2025-05-01,17.0
MO,CAT_007,2025-06-01,14.0
MO,CAT_007,2025-07-01,13.0
MO,CAT_007,2025-08-01,8.0
MO,CAT_007,2025-09-01,11.0
MO,CAT_007,2025-10-01,3.0
MO,CAT_007,2025-11-01,34.0
MO,CAT_007,2025-12-01,2.0
MO,CAT_009,2024-04-01,1.0
MO,CAT_009,2024-05-01,2.0
MO,CAT_009,2024-06-01,2.0
MO,CAT_009,2024-07-01,3.0
MO,CAT_009,2024-08-01,7.0
MO,CAT_009,2024-09-01,9.0
MO,CAT_009,2024-10-01,6.0
MO,CAT_009,2024-11-01,19.0
MO,CAT_009,2024-12-01,3.0
MO,CAT_009,2025-01-01,4.0
MO,CAT_009,2025-02-01,5.0
MO,CAT_009,2025-03-01,6.0
MO,CAT_009,2025-04-01,6.0
MO,CAT_009,2025-05-01,16.0
MO,CAT_009,2025-06-01,6.0
MO,CAT_009,2025-07-01,8.0
MO,CAT_009,2025-08-01,9.0
MO,CAT_009,2025-09-01,8.0
MO,CAT_009,2025-10-01,9.0
MO,CAT_009,2025-11-01,49.0
MO,CAT_009,2025-12-01,4.0
MO,CAT_012,2024-06-01,16.0
MO,CAT_012,2024-07-01,18.0
MO,CAT_012,2024-08-01,14.0
MO,CAT_012,2024-09-01,3.0
MO,CAT_012,2024-10-01,1.0
MO,CAT_012,2024-11-01,3.0
MO,CAT_012,2024-12-01,1.0
MO,CAT_012,2025-01-01,1.0
MO,CAT_012,2025-02-01,0.0
MO,CAT_012,2025-03-01,8.0
MO,CAT_012,2025-04-01,8.0
MO,CAT_012,2025-05-01,18.0
MO,CAT_012,2025-06-01,16.0
MO,CAT_012,2025-07-01,13.0
MO,CAT_012,2025-08-01,6.0
MO,CAT_012,2025-09-01,5.0
MO,CAT_012,2025-10-01,2.0
MO,CAT_012,2025-11-01,10.0
MO,CAT_013,2024-06-01,6.0
MO,CAT_013,2024-07-01,8.0
MO,CAT_013,2024-08-01,6.0
MO,CAT_013,2024-09-01,2.0
MO,CAT_013,2024-10-01,2.0
MO,CAT_013,2024-11-01,5.0
MO,CAT_013,2024-12-01,2.0
MO,CAT_013,2025-01-01,5.0
MO,CAT_013,2025-02-01,3.0
MO,CAT_013,2025-03-01,6.0
MO,CAT_013,2025-04-01,7.0
MO,CAT_013,2025-05-01,6.0
MO,CAT_013,2025-06-01,13.0
MO,CAT_013,2025-07-01,5.0
MO,CAT_013,2025-08-01,10.0
MO,CAT_013,2025-09-01,6.0
MO,CAT_013,2025-10-01,7.0
MO,CAT_013,2025-11-01,19.0
MO,CAT_013,2025-12-01,7.0
MT,CAT_007,2024-05-01,9.0
MT,CAT_007,2024-06-01,2.0
MT,CAT_007,2024-07-01,14.0
MT,CAT_007,2024-08-01,6.0
MT,CAT_007,2024-09-01,9.0
MT,CAT_007,2024-10-01,8.0
MT,CAT_007,2024-11-01,11.0
MT,CAT_007,2024-12-01,1.0
MT,CAT_007,2025-01-01,4.0
MT,CAT_007,2025-02-01,4.0
MT,CAT_007,2025-03-01,9.0
MT,CAT_007,2025-04-01,9.0
MT,CAT_007,2025-05-01,5.0
MT,CAT_007,2025-06-01,5.0
MT,CAT_007,2025-07-01,3.0
MT,CAT_007,2025-08-01,4.0
MT,CAT_007,2025-09-01,0.0
MT,CAT_007,2025-10-01,7.0
MT,CAT_007,2025-11-01,6.0
MT,CAT_007,2025-12-01,3.0
MT,CAT_012,2024-06-01,15.0
MT,CAT_012,2024-07-01,26.0
MT,CAT_012,2024-08-01,9.0
MT,CAT_012,2024-09-01,5.0
MT,CAT_012,2024-10-01,4.0
MT,CAT_012,2024-11-01,1.0
MT,CAT_012,2024-12-01,1.0
MT,CAT_012,2025-01-01,0.0
MT,CAT_012,2025-02-01,1.0
MT,CAT_012,2025-03-01,4.0
MT,CAT_012,2025-04-01,9.0
MT,CAT_012,2025-05-01,18.0
MT,CAT_012,2025-06-01,10.0
MT,CAT_012,2025-07-01,2.0
MT,CAT_012,2025-08-01,1.0
MT,CAT_012,2025-09-01,1.0
MT,CAT_012,2025-10-01,1.0
MT,CAT_012,2025-11-01,1.0
MT,CAT_012,2025-12-01,1.0
MY,CAT_015,2024-04-01,5.0
MY,CAT_015,2024-05-01,9.0
MY,CAT_015,2024-06-01,7.0
MY,CAT_015,2024-07-01,7.0
MY,CAT_015,2024-08-01,5.0
MY,CAT_015,2024-09-01,6.0
MY,CAT_015,2024-10-01,8.0
MY,CAT_015,2024-11-01,8.0
MY,CAT_015,2024-12-01,5.0
MY,CAT_015,2025-01-01,8.0
MY,CAT_015,2025-02-01,5.0
MY,CAT_015,2025-03-01,3.0
MY,CAT_015,2025-04-01,2.0
MY,CAT_015,2025-05-01,4.0
MY,CAT_015,2025-06-01,11.0
MY,CAT_015,2025-07-01,15.0
MY,CAT_015,2025-08-01,15.0
MY,CAT_015,2025-09-01,21.0
MY,CAT_015,2025-10-01,19.0
MY,CAT_015,2025-11-01,29.0
MY,CAT_015,2025-12-01,4.0
NL,CAT_015,2024-04-01,8.0
NL,CAT_015,2024-05-01,11.0
NL,CAT_015,2024-06-01,4.0
NL,CAT_015,2024-07-01,2.0
NL,CAT_015,2024-08-01,7.0
NL,CAT_015,2024-09-01,6.0
NL,CAT_015,2024-10-01,8.0
NL,CAT_015,2024-11-01,10.0
NL,CAT_015,2024-12-01,3.0
NL,CAT_015,2025-01-01,4.0
NL,CAT_015,2025-02-01,1.0
NL,CAT_015,2025-03-01,1.0
NL,CAT_015,2025-04-01,2.0
NL,CAT_015,2025-05-01,4.0
NL,CAT_015,2025-06-01,12.0
NL,CAT_015,2025-07-01,11.0
NL,CAT_015,2025-08-01,11.0
NL,CAT_015,2025-09-01,8.0
NL,CAT_015,2025-10-01,5.0
NL,CAT_015,2025-11-01,9.0
NL,CAT_015,2025-12-01,2.0
NO,CAT_008,2024-05-01,7.0
NO,CAT_008,2024-06-01,7.0
NO,CAT_008,2024-07-01,3.0
NO,CAT_008,2024-08-01,5.0
NO,CAT_008,2024-09-01,3.0
NO,CAT_008,2024-10-01,3.0
NO,CAT_008,2024-11-01,10.0
NO,CAT_008,2024-12-01,4.0
NO,CAT_008,2025-01-01,5.0
NO,CAT_008,2025-02-01,4.0
NO,CAT_008,2025-03-01,5.0
NO,CAT_008,2025-04-01,6.0
NO,CAT_008,2025-05-01,11.0
NO,CAT_008,2025-06-01,3.0
NO,CAT_008,2025-07-01,2.0
NO,CAT_008,2025-08-01,8.0
NO,CAT_008,2025-09-01,10.0
NO,CAT_008,2025-10-01,1.0
NO,CAT_008,2025-11-01,3.0
NO,CAT_008,2025-12-01,11.0
NO,CAT_013,2024-04-01,25.0
NO,CAT_013,2024-05-01,12.0
NO,CAT_013,2024-06-01,10.0
NO,CAT_013,2024-07-01,15.0
NO,CAT_013,2024-08-01,14.0
NO,CAT_013,2024-09-01,5.0
NO,CAT_013,2024-10-01,3.0
NO,CAT_013,2024-11-01,7.0
NO,CAT_013,2024-12-01,3.0
NO,CAT_013,2025-01-01,6.0
NO,CAT_013,2025-02-01,4.0
NO,CAT_013,2025-03-01,18.0
NO,CAT_013,2025-04-01,20.0
NO,CAT_013,2025-05-01,13.0
NO,CAT_013,2025-06-01,5.0
NO,CAT_013,2025-07-01,12.0
NO,CAT_013,2025-08-01,9.0
NO,CAT_013,2025-09-01,3.0
NO,CAT_013,2025-10-01,5.0
NO,CAT_013,2025-11-01,6.0
NO,CAT_013,2025-12-01,4.0
NZ,CAT_008,2024-04-01,9.0
NZ,CAT_008,2024-05-01,2.0
NZ,CAT_008,2024-06-01,6.0
NZ,CAT_008,2024-07-01,10.0
NZ,CAT_008,2024-08-01,10.0
NZ,CAT_008,2024-09-01,11.0
NZ,CAT_008,2024-10-01,7.0
NZ,CAT_008,2024-11-01,12.0
NZ,CAT_008,2024-12-01,8.0
NZ,CAT_008,2025-01-01,10.0
NZ,CAT_008,2025-02-01,10.0
NZ,CAT_008,2025-03-01,6.0
NZ,CAT_008,2025-04-01,14.0
NZ,CAT_008,2025-05-01,9.0
NZ,CAT_008,2025-06-01,3.0
NZ,CAT_008,2025-07-01,6.0
NZ,CAT_008,2025-08-01,10.0
NZ,CAT_008,2025-09-01,6.0
NZ,CAT_008,2025-10-01,3.0
NZ,CAT_008,2025-11-01,7.0
NZ,CAT_008,2025-12-01,1.0
OM,CAT_005,2024-04-01,1.0
OM,CAT_005,2024-05-01,1.0
OM,CAT_005,2024-06-01,2.0
OM,CAT_005,2024-07-01,12.0
OM,CAT_005,2024-08-01,13.0
OM,CAT_005,2024-09-01,12.0
OM,CAT_005,2024-10-01,21.0
OM,CAT_005,2024-11-01,11.0
OM,CAT_005,2024-12-01,8.0
OM,CAT_005,2025-01-01,5.0
OM,CAT_005,2025-02-01,9.0
OM,CAT_005,2025-03-01,16.0
OM,CAT_005,2025-04-01,20.0
OM,CAT_005,2025-05-01,26.0
OM,CAT_005,2025-06-01,6.0
OM,CAT_005,2025-07-01,19.0
OM,CAT_005,2025-08-01,8.0
OM,CAT_005,2025-09-01,3.0
OM,CAT_005,2025-10-01,6.0
OM,CAT_005,2025-11-01,5.0
OM,CAT_005,2025-12-01,4.0
OM,CAT_007,2024-04-01,1.0
OM,CAT_007,2024-05-01,3.0
OM,CAT_007,2024-06-01,1.0
OM,CAT_007,2024-07-01,8.0
OM,CAT_007,2024-08-01,1.0
OM,CAT_007,2024-09-01,8.0
OM,CAT_007,2024-10-01,5.0
OM,CAT_007,2024-11-01,10.0
OM,CAT_007,2024-12-01,3.0
OM,CAT_007,2025-01-01,3.0
OM,CAT_007,2025-02-01,19.0
OM,CAT_007,2025-03-01,9.0
OM,CAT_007,2025-04-01,10.0
OM,CAT_007,2025-05-01,7.0
OM,CAT_007,2025-06-01,3.0
OM,CAT_007,2025-07-01,0.0
OM,CAT_007,2025-08-01,7.0
OM,CAT_007,2025-09-01,1.0
OM,CAT_007,2025-10-01,3.0
OM,CAT_007,2025-11-01,1.0
OM,CAT_007,2025-12-01,2.0
OM,CAT_012,2024-07-01,24.0
OM,CAT_012,2024-08-01,15.0
OM,CAT_012,2024-09-01,9.0
OM,CAT_012,2024-10-01,6.0
OM,CAT_012,2024-11-01,4.0
OM,CAT_012,2024-12-01,0.0
OM,CAT_012,2025-01-01,1.0
OM,CAT_012,2025-02-01,7.0
OM,CAT_012,2025-03-01,7.0
OM,CAT_012,2025-04-01,6.0
OM,CAT_012,2025-05-01,7.0
OM,CAT_012,2025-06-01,0.0
OM,CAT_012,2025-07-01,6.0
OM,CAT_012,2025-08-01,5.0
OM,CAT_012,2025-09-01,0.0
OM,CAT_012,2025-10-01,1.0
OM,CAT_012,2025-11-01,1.0
OM,CAT_012,2025-12-01,2.0
PL,CAT_014,2024-04-01,15.0
PL,CAT_014,2024-05-01,18.0
PL,CAT_014,2024-06-01,6.0
PL,CAT_014,2024-07-01,7.0
PL,CAT_014,2024-08-01,5.0
PL,CAT_014,2024-09-01,6.0
PL,CAT_014,2024-10-01,3.0
PL,CAT_014,2024-11-01,2.0
PL,CAT_014,2024-12-01,2.0
PL,CAT_014,2025-01-01,1.0
PL,CAT_014,2025-02-01,1.0
PL,CAT_014,2025-03-01,3.0
PL,CAT_014,2025-04-01,7.0
PL,CAT_014,2025-05-01,6.0
PL,CAT_014,2025-06-01,6.0
PL,CAT_014,2025-07-01,1.0
PL,CAT_014,2025-08-01,5.0
PL,CAT_014,2025-09-01,7.0
PL,CAT_014,2025-10-01,0.0
PL,CAT_014,2025-11-01,1.0
PL,CAT_014,2025-12-01,1.0
PT,CAT_014,2024-05-01,20.0
PT,CAT_014,2024-06-01,15.0
PT,CAT_014,2024-07-01,6.0
PT,CAT_014,2024-08-01,12.0
PT,CAT_014,2024-09-01,15.0
PT,CAT_014,2024-10-01,11.0
PT,CAT_014,2024-11-01,13.0
PT,CAT_014,2024-12-01,4.0
PT,CAT_014,2025-01-01,2.0
PT,CAT_014,2025-02-01,4.0
PT,CAT_014,2025-03-01,13.0
PT,CAT_014,2025-04-01,13.0
PT,CAT_014,2025-05-01,21.0
PT,CAT_014,2025-06-01,4.0
PT,CAT_014,2025-07-01,4.0
PT,CAT_014,2025-08-01,6.0
PT,CAT_014,2025-09-01,3.0
PT,CAT_014,2025-10-01,5.0
PT,CAT_014,2025-11-01,9.0
PT,CAT_014,2025-12-01,3.0
QA,CAT_008,2024-04-01,8.0
QA,CAT_008,2024-05-01,9.0
QA,CAT_008,2024-06-01,5.0
QA,CAT_008,2024-07-01,3.0
QA,CAT_008,2024-08-01,25.0
QA,CAT_008,2024-09-01,11.0
QA,CAT_008,2024-10-01,5.0
QA,CAT_008,2024-11-01,7.0
QA,CAT_008,2024-12-01,5.0
QA,CAT_008,2025-01-01,7.0
QA,CAT_008,2025-02-01,10.0
QA,CAT_008,2025-03-01,2.0
QA,CAT_008,2025-04-01,9.0
QA,CAT_008,2025-05-01,7.0
QA,CAT_008,2025-06-01,3.0
QA,CAT_008,2025-07-01,6.0
QA,CAT_008,2025-08-01,7.0
QA,CAT_008,2025-09-01,10.0
QA,CAT_008,2025-10-01,11.0
QA,CAT_008,2025-11-01,11.0
QA,CAT_008,2025-12-01,7.0
QA,CAT_015,2024-04-01,2.0
QA,CAT_015,2024-05-01,7.0
QA,CAT_015,2024-06-01,1.0
QA,CAT_015,2024-07-01,1.0
QA,CAT_015,2024-08-01,9.0
QA,CAT_015,2024-09-01,6.0
QA,CAT_015,2024-10-01,4.0
QA,CAT_015,2024-11-01,9.0
QA,CAT_015,2024-12-01,2.0
QA,CAT_015,2025-01-01,3.0
QA,CAT_015,2025-02-01,5.0
QA,CAT_015,2025-03-01,0.0
QA,CAT_015,2025-04-01,0.0
QA,CAT_015,2025-05-01,4.0
QA,CAT_015,2025-06-01,10.0
QA,CAT_015,2025-07-01,7.0
QA,CAT_015,2025-08-01,17.0
QA,CAT_015,2025-09-01,12.0
QA,CAT_015,2025-10-01,11.0
QA,CAT_015,2025-11-01,17.0
QA,CAT_015,2025-12-01,9.0
SA,CAT_010,2024-04-01,5.0
SA,CAT_010,2024-05-01,3.0
SA,CAT_010,2024-06-01,2.0
SA,CAT_010,2024-07-01,3.0
SA,CAT_010,2024-08-01,4.0
SA,CAT_010,2024-09-01,5.0
SA,CAT_010,2024-10-01,3.0
SA,CAT_010,2024-11-01,16.0
SA,CAT_010,2024-12-01,10.0
SA,CAT_010,2025-01-01,12.0
SA,CAT_010,2025-02-01,2.0
SA,CAT_010,2025-03-01,5.0
SA,CAT_010,2025-04-01,0.0
SA,CAT_010,2025-05-01,4.0
SA,CAT_010,2025-06-01,3.0
SA,CAT_010,2025-07-01,1.0
SA,CAT_010,2025-08-01,4.0
SA,CAT_010,2025-09-01,2.0
SA,CAT_010,2025-10-01,1.0
SA,CAT_010,2025-11-01,9.0
SA,CAT_010,2025-12-01,1.0
SE,CAT_008,2024-04-01,11.0
SE,CAT_008,2024-05-01,9.0
SE,CAT_008,2024-06-01,14.0
SE,CAT_008,2024-07-01,4.0
SE,CAT_008,2024-08-01,10.0
SE,CAT_008,2024-09-01,7.0
SE,CAT_008,2024-10-01,4.0
SE,CAT_008,2024-11-01,6.0
SE,CAT_008,2024-12-01,7.0
SE,CAT_008,2025-01-01,2.0
SE,CAT_008,2025-02-01,1.0
SE,CAT_008,2025-03-01,0.0
SE,CAT_008,2025-04-01,0.0
SE,CAT_008,2025-05-01,1.0
SE,CAT_008,2025-06-01,1.0
SE,CAT_013,2024-04-01,29.0
SE,CAT_013,2024-05-01,20.0
SE,CAT_013,2024-06-01,8.0
SE,CAT_013,2024-07-01,9.0
SE,CAT_013,2024-08-01,14.0
SE,CAT_013,2024-09-01,8.0
SE,CAT_013,2024-10-01,6.0
SE,CAT_013,2024-11-01,5.0
SE,CAT_013,2024-12-01,0.0
SE,CAT_013,2025-01-01,3.0
SE,CAT_013,2025-02-01,5.0
SE,CAT_013,2025-03-01,13.0
SE,CAT_013,2025-04-01,14.0
SE,CAT_013,2025-05-01,16.0
SE,CAT_013,2025-06-01,13.0
SE,CAT_013,2025-07-01,11.0
SE,CAT_013,2025-08-01,6.0
SE,CAT_013,2025-09-01,7.0
SE,CAT_013,2025-10-01,7.0
SE,CAT_013,2025-11-01,7.0
SE,CAT_013,2025-12-01,6.0
SE,CAT_014,2024-05-01,23.0
SE,CAT_014,2024-06-01,15.0
SE,CAT_014,2024-07-01,5.0
SE,CAT_014,2024-08-01,7.0
SE,CAT_014,2024-09-01,3.0
SE,CAT_014,2024-10-01,1.0
SE,CAT_014,2024-11-01,1.0
SE,CAT_014,2024-12-01,0.0
SE,CAT_014,2025-01-01,0.0
SE,CAT_014,2025-02-01,5.0
SE,CAT_014,2025-03-01,10.0
SE,CAT_014,2025-04-01,11.0
SE,CAT_014,2025-05-01,12.0
SE,CAT_014,2025-06-01,8.0
SE,CAT_014,2025-07-01,2.0
SE,CAT_014,2025-08-01,2.0
SE,CAT_014,2025-09-01,0.0
SE,CAT_014,2025-10-01,3.0
SE,CAT_014,2025-11-01,1.0
SE,CAT_014,2025-12-01,2.0
SG,CAT_010,2024-04-01,5.0
SG,CAT_010,2024-05-01,2.0
SG,CAT_010,2024-06-01,2.0
SG,CAT_010,2024-07-01,2.0
SG,CAT_010,2024-08-01,1.0
SG,CAT_010,2024-09-01,4.0
SG,CAT_010,2024-10-01,2.0
SG,CAT_010,2024-11-01,18.0
SG,CAT_010,2024-12-01,2.0
SG,CAT_010,2025-01-01,11.0
SG,CAT_010,2025-02-01,4.0
SG,CAT_010,2025-03-01,6.0
SG,CAT_010,2025-04-01,3.0
SG,CAT_010,2025-05-01,5.0
SG,CAT_010,2025-06-01,9.0
SG,CAT_010,2025-07-01,12.0
SG,CAT_010,2025-08-01,9.0
SG,CAT_010,2025-09-01,3.0
SG,CAT_010,2025-10-01,6.0
SG,CAT_010,2025-11-01,10.0
SG,CAT_010,2025-12-01,3.0
SI,CAT_001,2024-04-01,23.0
SI,CAT_001,2024-05-01,14.0
SI,CAT_001,2024-06-01,14.0
SI,CAT_001,2024-07-01,4.0
SI,CAT_001,2024-08-01,8.0
SI,CAT_001,2024-09-01,9.0
SI,CAT_001,2024-10-01,4.0
SI,CAT_001,2024-11-01,3.0
SI,CAT_001,2024-12-01,1.0
SI,CAT_001,2025-01-01,1.0
SI,CAT_001,2025-02-01,2.0
SI,CAT_001,2025-03-01,11.0
SI,CAT_001,2025-04-01,10.0
SI,CAT_001,2025-05-01,15.0
SI,CAT_001,2025-06-01,3.0
SI,CAT_001,2025-07-01,13.0
SI,CAT_001,2025-08-01,3.0
SI,CAT_001,2025-09-01,8.0
SI,CAT_001,2025-10-01,2.0
SI,CAT_001,2025-11-01,5.0
SI,CAT_002,2024-05-01,14.0
SI,CAT_002,2024-06-01,9.0
SI,CAT_002,2024-07-01,2.0
SI,CAT_002,2024-08-01,4.0
SI,CAT_002,2024-09-01,7.0
SI,CAT_002,2024-10-01,5.0
SI,CAT_002,2024-11-01,8.0
SI,CAT_002,2024-12-01,1.0
SI,CAT_002,2025-01-01,2.0
SI,CAT_002,2025-02-01,6.0
SI,CAT_002,2025-03-01,7.0
SI,CAT_002,2025-04-01,9.0
SI,CAT_002,2025-05-01,4.0
SI,CAT_002,2025-06-01,6.0
SI,CAT_002,2025-07-01,3.0
SI,CAT_002,2025-08-01,6.0
SI,CAT_002,2025-09-01,2.0
SI,CAT_002,2025-10-01,2.0
SI,CAT_002,2025-11-01,2.0
SI,CAT_002,2025-12-01,1.0
SI,CAT_007,2024-04-01,5.0
SI,CAT_007,2024-05-01,19.0
SI,CAT_007,2024-06-01,3.0
SI,CAT_007,2024-07-01,1.0
SI,CAT_007,2024-08-01,9.0
SI,CAT_007,2024-09-01,5.0
SI,CAT_007,2024-10-01,4.0
SI,CAT_007,2024-11-01,9.0
SI,CAT_007,2024-12-01,0.0
SI,CAT_007,2025-01-01,4.0
SI,CAT_007,2025-02-01,5.0
SI,CAT_007,2025-03-01,15.0
SI,CAT_007,2025-04-01,16.0
SI,CAT_007,2025-05-01,8.0
SI,CAT_007,2025-06-01,3.0
SI,CAT_007,2025-07-01,3.0
SI,CAT_007,2025-08-01,3.0
SI,CAT_007,2025-09-01,4.0
SI,CAT_007,2025-10-01,0.0
SI,CAT_007,2025-11-01,4.0
SI,CAT_009,2024-04-01,13.0
SI,CAT_009,2024-05-01,9.0
SI,CAT_009,2024-06-01,5.0
SI,CAT_009,2024-07-01,3.0
SI,CAT_009,2024-08-01,5.0
SI,CAT_009,2024-09-01,17.0
SI,CAT_009,2024-10-01,9.0
SI,CAT_009,2024-11-01,14.0
SI,CAT_009,2024-12-01,2.0
SI,CAT_009,2025-01-01,11.0
SI,CAT_009,2025-02-01,20.0
SI,CAT_009,2025-03-01,21.0
SI,CAT_009,2025-04-01,11.0
SI,CAT_009,2025-05-01,5.0
SI,CAT_009,2025-06-01,3.0
SI,CAT_009,2025-07-01,2.0
SI,CAT_009,2025-08-01,7.0
SI,CAT_009,2025-09-01,11.0
SI,CAT_009,2025-10-01,7.0
SI,CAT_009,2025-11-01,3.0
SI,CAT_009,2025-12-01,1.0
SI,CAT_013,2024-04-01,17.0
SI,CAT_013,2024-05-01,9.0
SI,CAT_013,2024-06-01,6.0
SI,CAT_013,2024-07-01,4.0
SI,CAT_013,2024-08-01,2.0
SI,CAT_013,2024-09-01,5.0
SI,CAT_013,2024-10-01,5.0
SI,CAT_013,2024-11-01,5.0
SI,CAT_013,2024-12-01,4.0
SI,CAT_013,2025-01-01,3.0
SI,CAT_013,2025-02-01,4.0
SI,CAT_013,2025-03-01,15.0
SI,CAT_013,2025-04-01,25.0
SI,CAT_013,2025-05-01,6.0
SI,CAT_013,2025-06-01,4.0
SI,CAT_013,2025-07-01,6.0
SI,CAT_013,2025-08-01,8.0
SI,CAT_013,2025-09-01,8.0
SI,CAT_013,2025-10-01,1.0
SI,CAT_013,2025-11-01,5.0
SK,CAT_001,2024-05-01,15.0
SK,CAT_001,2024-06-01,15.0
SK,CAT_001,2024-07-01,4.0
SK,CAT_001,2024-08-01,6.0
SK,CAT_001,2024-09-01,13.0
SK,CAT_001,2024-10-01,5.0
SK,CAT_001,2024-11-01,8.0
SK,CAT_001,2024-12-01,4.0
SK,CAT_001,2025-01-01,2.0
SK,CAT_001,2025-02-01,0.0
SK,CAT_001,2025-03-01,20.0
SK,CAT_001,2025-04-01,8.0
SK,CAT_001,2025-05-01,10.0
SK,CAT_001,2025-06-01,7.0
SK,CAT_001,2025-07-01,1.0
SK,CAT_001,2025-08-01,7.0
SK,CAT_001,2025-09-01,9.0
SK,CAT_001,2025-10-01,7.0
SK,CAT_001,2025-11-01,8.0
SK,CAT_001,2025-12-01,4.0
SK,CAT_002,2024-04-01,21.0
SK,CAT_002,2024-05-01,23.0
SK,CAT_002,2024-06-01,9.0
SK,CAT_002,2024-07-01,6.0
SK,CAT_002,2024-08-01,8.0
SK,CAT_002,2024-09-01,8.0
SK,CAT_002,2024-10-01,1.0
SK,CAT_002,2024-11-01,3.0
SK,CAT_002,2024-12-01,4.0
SK,CAT_002,2025-01-01,0.0
SK,CAT_002,2025-02-01,1.0
SK,CAT_002,2025-03-01,7.0
SK,CAT_002,2025-04-01,13.0
SK,CAT_002,2025-05-01,8.0
SK,CAT_002,2025-06-01,2.0
SK,CAT_002,2025-07-01,6.0
SK,CAT_002,2025-08-01,1.0
SK,CAT_002,2025-09-01,6.0
SK,CAT_002,2025-10-01,2.0
SK,CAT_002,2025-11-01,4.0
SK,CAT_002,2025-12-01,1.0
SK,CAT_007,2024-04-01,20.0
SK,CAT_007,2024-05-01,9.0
SK,CAT_007,2024-06-01,8.0
SK,CAT_007,2024-07-01,10.0
SK,CAT_007,2024-08-01,9.0
SK,CAT_007,2024-09-01,12.0
SK,CAT_007,2024-10-01,7.0
SK,CAT_007,2024-11-01,13.0
SK,CAT_007,2024-12-01,1.0
SK,CAT_007,2025-01-01,2.0
SK,CAT_007,2025-02-01,11.0
SK,CAT_007,2025-03-01,15.0
SK,CAT_007,2025-04-01,24.0
SK,CAT_007,2025-05-01,7.0
SK,CAT_007,2025-06-01,4.0
SK,CAT_007,2025-07-01,15.0
SK,CAT_007,2025-08-01,6.0
SK,CAT_007,2025-09-01,9.0
SK,CAT_007,2025-10-01,2.0
SK,CAT_007,2025-11-01,6.0
SK,CAT_007,2025-12-01,3.0
SK,CAT_009,2024-04-01,15.0
SK,CAT_009,2024-05-01,18.0
SK,CAT_009,2024-06-01,13.0
SK,CAT_009,2024-07-01,8.0
SK,CAT_009,2024-08-01,4.0
SK,CAT_009,2024-09-01,9.0
SK,CAT_009,2024-10-01,5.0
SK,CAT_009,2024-11-01,12.0
SK,CAT_009,2024-12-01,2.0
SK,CAT_009,2025-01-01,7.0
SK,CAT_009,2025-02-01,11.0
SK,CAT_009,2025-03-01,32.0
SK,CAT_009,2025-04-01,25.0
SK,CAT_009,2025-05-01,8.0
SK,CAT_009,2025-06-01,4.0
SK,CAT_009,2025-07-01,3.0
SK,CAT_009,2025-08-01,6.0
SK,CAT_009,2025-09-01,8.0
SK,CAT_009,2025-10-01,1.0
SK,CAT_009,2025-11-01,4.0
SK,CAT_009,2025-12-01,3.0
SK,CAT_013,2024-04-01,14.0
SK,CAT_013,2024-05-01,9.0
SK,CAT_013,2024-06-01,2.0
SK,CAT_013,2024-07-01,1.0
SK,CAT_013,2024-08-01,2.0
SK,CAT_013,2024-09-01,5.0
SK,CAT_013,2024-10-01,3.0
SK,CAT_013,2024-11-01,1.0
SK,CAT_013,2024-12-01,5.0
SK,CAT_013,2025-01-01,3.0
SK,CAT_013,2025-02-01,3.0
SK,CAT_013,2025-03-01,14.0
SK,CAT_013,2025-04-01,15.0
SK,CAT_013,2025-05-01,7.0
SK,CAT_013,2025-06-01,4.0
SK,CAT_013,2025-07-01,6.0
SK,CAT_013,2025-08-01,7.0
SK,CAT_013,2025-09-01,5.0
SK,CAT_013,2025-10-01,3.0
SK,CAT_013,2025-11-01,6.0
SK,CAT_013,2025-12-01,5.0
TH,CAT_015,2024-04-01,8.0
TH,CAT_015,2024-05-01,7.0
TH,CAT_015,2024-06-01,8.0
TH,CAT_015,2024-07-01,2.0
TH,CAT_015,2024-08-01,4.0
TH,CAT_015,2024-09-01,8.0
TH,CAT_015,2024-10-01,6.0
TH,CAT_015,2024-11-01,17.0
TH,CAT_015,2024-12-01,3.0
TH,CAT_015,2025-01-01,6.0
TH,CAT_015,2025-02-01,4.0
TH,CAT_015,2025-03-01,3.0
TH,CAT_015,2025-04-01,1.0
TH,CAT_015,2025-05-01,2.0
TH,CAT_015,2025-06-01,16.0
TH,CAT_015,2025-07-01,8.0
TH,CAT_015,2025-08-01,10.0
TH,CAT_015,2025-09-01,13.0
TH,CAT_015,2025-10-01,14.0
TH,CAT_015,2025-11-01,13.0
TH,CAT_015,2025-12-01,5.0
TR,CAT_001,2024-04-01,17.0
TR,CAT_001,2024-05-01,15.0
TR,CAT_001,2024-06-01,14.0
TR,CAT_001,2024-07-01,9.0
TR,CAT_001,2024-08-01,3.0
TR,CAT_001,2024-09-01,0.0
TR,CAT_001,2024-10-01,3.0
TR,CAT_001,2024-11-01,7.0
TR,CAT_001,2024-12-01,1.0
TR,CAT_001,2025-01-01,0.0
TR,CAT_001,2025-02-01,2.0
TR,CAT_001,2025-03-01,1.0
TR,CAT_001,2025-04-01,11.0
TR,CAT_001,2025-05-01,7.0
TR,CAT_001,2025-06-01,2.0
TR,CAT_001,2025-07-01,3.0
TR,CAT_001,2025-08-01,9.0
TR,CAT_001,2025-09-01,6.0
TR,CAT_001,2025-10-01,11.0
TR,CAT_002,2024-04-01,20.0
TR,CAT_002,2024-05-01,13.0
TR,CAT_002,2024-06-01,9.0
TR,CAT_002,2024-07-01,7.0
TR,CAT_002,2024-08-01,4.0
TR,CAT_002,2024-09-01,3.0
TR,CAT_002,2024-10-01,4.0
TR,CAT_002,2024-11-01,6.0
TR,CAT_002,2024-12-01,0.0
TR,CAT_002,2025-01-01,0.0
TR,CAT_002,2025-02-01,1.0
TR,CAT_002,2025-03-01,1.0
TR,CAT_002,2025-04-01,11.0
TR,CAT_002,2025-05-01,6.0
TR,CAT_002,2025-06-01,4.0
TR,CAT_002,2025-07-01,3.0
TR,CAT_002,2025-08-01,9.0
TR,CAT_002,2025-09-01,4.0
TR,CAT_002,2025-10-01,6.0
TR,CAT_007,2024-04-01,15.0
TR,CAT_007,2024-05-01,20.0
TR,CAT_007,2024-06-01,8.0
TR,CAT_007,2024-07-01,7.0
TR,CAT_007,2024-08-01,4.0
TR,CAT_007,2024-09-01,5.0
TR,CAT_007,2024-10-01,8.0
TR,CAT_007,2024-11-01,8.0
TR,CAT_007,2024-12-01,5.0
TR,CAT_007,2025-01-01,1.0
TR,CAT_007,2025-02-01,5.0
TR,CAT_007,2025-03-01,9.0
TR,CAT_007,2025-04-01,13.0
TR,CAT_007,2025-05-01,11.0
TR,CAT_007,2025-06-01,4.0
TR,CAT_007,2025-07-01,4.0
TR,CAT_007,2025-08-01,7.0
TR,CAT_007,2025-09-01,9.0
TR,CAT_007,2025-10-01,4.0
TR,CAT_009,2024-04-01,20.0
TR,CAT_009,2024-05-01,11.0
TR,CAT_009,2024-06-01,3.0
TR,CAT_009,2024-07-01,8.0
TR,CAT_009,2024-08-01,1.0
TR,CAT_009,2024-09-01,9.0
TR,CAT_009,2024-10-01,11.0
TR,CAT_009,2024-11-01,11.0
TR,CAT_009,2024-12-01,0.0
TR,CAT_009,2025-01-01,5.0
TR,CAT_009,2025-02-01,2.0
TR,CAT_009,2025-03-01,5.0
TR,CAT_009,2025-04-01,4.0
TR,CAT_009,2025-05-01,1.0
TR,CAT_009,2025-06-01,1.0
TR,CAT_009,2025-07-01,1.0
TR,CAT_009,2025-08-01,3.0
TR,CAT_009,2025-09-01,12.0
TR,CAT_009,2025-10-01,6.0
TR,CAT_012,2024-05-01,31.0
TR,CAT_012,2024-06-01,32.0
TR,CAT_012,2024-07-01,31.0
TR,CAT_012,2024-08-01,13.0
TR,CAT_012,2024-09-01,2.0
TR,CAT_012,2024-10-01,2.0
TR,CAT_012,2024-11-01,1.0
TR,CAT_012,2024-12-01,0.0
TR,CAT_012,2025-01-01,0.0
TR,CAT_012,2025-02-01,2.0
TR,CAT_012,2025-03-01,4.0
TR,CAT_012,2025-04-01,6.0
TR,CAT_012,2025-05-01,16.0
TR,CAT_012,2025-06-01,4.0
TR,CAT_012,2025-07-01,8.0
TR,CAT_012,2025-08-01,7.0
TW,CAT_015,2024-05-01,11.0
TW,CAT_015,2024-06-01,6.0
TW,CAT_015,2024-07-01,7.0
TW,CAT_015,2024-08-01,7.0
TW,CAT_015,2024-09-01,11.0
TW,CAT_015,2024-10-01,9.0
TW,CAT_015,2024-11-01,12.0
TW,CAT_015,2024-12-01,7.0
TW,CAT_015,2025-01-01,4.0
TW,CAT_015,2025-02-01,8.0
TW,CAT_015,2025-03-01,3.0
TW,CAT_015,2025-04-01,1.0
TW,CAT_015,2025-05-01,4.0
TW,CAT_015,2025-06-01,23.0
TW,CAT_015,2025-07-01,12.0
TW,CAT_015,2025-08-01,18.0
TW,CAT_015,2025-09-01,15.0
TW,CAT_015,2025-10-01,12.0
TW,CAT_015,2025-11-01,21.0
TW,CAT_015,2025-12-01,7.0
VN,CAT_002,2024-04-01,19.0
VN,CAT_002,2024-05-01,7.0
VN,CAT_002,2024-06-01,34.0
VN,CAT_002,2024-07-01,1.0
VN,CAT_002,2024-08-01,6.0
VN,CAT_002,2024-09-01,6.0
VN,CAT_002,2024-10-01,3.0
VN,CAT_002,2024-11-01,6.0
VN,CAT_002,2024-12-01,1.0
VN,CAT_002,2025-01-01,1.0
VN,CAT_002,2025-02-01,6.0
VN,CAT_002,2025-03-01,6.0
VN,CAT_002,2025-04-01,18.0
VN,CAT_002,2025-05-01,9.0
VN,CAT_002,2025-06-01,7.0
VN,CAT_002,2025-07-01,13.0
VN,CAT_002,2025-08-01,13.0
VN,CAT_002,2025-09-01,17.0
VN,CAT_002,2025-10-01,11.0
VN,CAT_002,2025-11-01,19.0
VN,CAT_002,2025-12-01,5.0
VN,CAT_008,2024-05-01,2.0
VN,CAT_008,2024-06-01,3.0
VN,CAT_008,2024-07-01,1.0
VN,CAT_008,2024-08-01,1.0
VN,CAT_008,2024-09-01,0.0
VN,CAT_008,2024-10-01,0.0
VN,CAT_008,2024-11-01,14.0
VN,CAT_008,2024-12-01,3.0
VN,CAT_008,2025-01-01,2.0
VN,CAT_008,2025-02-01,4.0
VN,CAT_008,2025-03-01,11.0
VN,CAT_008,2025-04-01,9.0
VN,CAT_008,2025-05-01,5.0
VN,CAT_008,2025-06-01,3.0
VN,CAT_008,2025-07-01,4.0
VN,CAT_008,2025-08-01,8.0
VN,CAT_008,2025-09-01,9.0
VN,CAT_008,2025-10-01,3.0
VN,CAT_008,2025-11-01,11.0
VN,CAT_008,2025-12-01,2.0
VN,CAT_013,2024-04-01,13.0
VN,CAT_013,2024-05-01,15.0
VN,CAT_013,2024-06-01,5.0
VN,CAT_013,2024-07-01,3.0
VN,CAT_013,2024-08-01,2.0
VN,CAT_013,2024-09-01,2.0
VN,CAT_013,2024-10-01,2.0
VN,CAT_013,2024-11-01,5.0
VN,CAT_013,2024-12-01,4.0
VN,CAT_013,2025-01-01,5.0
VN,CAT_013,2025-02-01,4.0
VN,CAT_013,2025-03-01,11.0
VN,CAT_013,2025-04-01,9.0
VN,CAT_013,2025-05-01,15.0
VN,CAT_013,2025-06-01,7.0
VN,CAT_013,2025-07-01,7.0
VN,CAT_013,2025-08-01,19.0
VN,CAT_013,2025-09-01,23.0
VN,CAT_013,2025-10-01,4.0
VN,CAT_013,2025-11-01,23.0
VN,CAT_013,2025-12-01,10.0
ZA,CAT_012,2024-06-01,2.0
ZA,CAT_012,2024-07-01,11.0
ZA,CAT_012,2024-08-01,21.0
ZA,CAT_012,2024-09-01,13.0
ZA,CAT_012,2024-10-01,3.0
ZA,CAT_012,2024-11-01,4.0
ZA,CAT_012,2024-12-01,1.0
ZA,CAT_012,2025-01-01,3.0
ZA,CAT_012,2025-02-01,5.0
ZA,CAT_012,2025-03-01,6.0
ZA,CAT_012,2025-04-01,8.0
ZA,CAT_012,2025-05-01,8.0
ZA,CAT_012,2025-06-01,1.0
ZA,CAT_012,2025-07-01,5.0
ZA,CAT_012,2025-08-01,0.0
ZA,CAT_012,2025-09-01,1.0
ZA,CAT_012,2025-10-01,3.0
ZA,CAT_012,2025-11-01,2.0
